window_index,start_episode,end_episode,reward_mean,reward_variance,success_rate,cumulative_reward,switches,compute_cost_mean,recovery_time,learning_progress_mean,utility_reward_mean,utility_reward_variance,utility_compute_cost,utility_switch_cost
0,0,17,1.0286873492928938,0.0004683453637548822,1.0,18.51637228727209,0,0.08,0.0,0.0005321844188890451,1.0286873492928938,0.0004683453637548822,0.08,0.0
1,1,18,1.0339248400304186,1.8692686380883748e-06,1.0,18.610647120547537,0,0.08,0.0,8.059197165353563e-07,1.0339248400304186,1.8692686380883748e-06,0.08,0.0
2,2,19,1.0340888074067633,2.0561539244457088e-06,1.0,18.613598533321742,0,0.08,0.0,1.1085935827762175e-09,1.0340888074067633,2.0561539244457088e-06,0.08,0.0
3,3,20,1.03410237887685,2.0339236205628088e-06,1.0,18.6138428197833,0,0.08,0.0,1.5249402563744785e-12,1.03410237887685,2.0339236205628088e-06,0.08,0.0
4,4,21,1.0341237007434152,2.0922783825276355e-06,1.0,18.614226613381472,0,0.08,0.0,2.0972935322594853e-15,1.0341237007434152,2.0922783825276355e-06,0.08,0.0
5,5,22,1.0340819808548134,2.091069780602945e-06,1.0,18.61347565538664,0,0.08,0.0,2.3643638487387596e-18,1.0340819808548134,2.091069780602945e-06,0.08,0.0
6,6,23,1.033965931020663,1.6345244165468979e-06,1.0,18.611386758371935,0,0.08,0.0,0.0,1.033965931020663,1.6345244165468979e-06,0.08,0.0
7,7,24,1.0341461431381984,2.1206421422221253e-06,1.0,18.61463057648757,0,0.08,0.0,0.0,1.0341461431381984,2.1206421422221253e-06,0.08,0.0
8,8,25,1.0342417924835763,2.1270554201637683e-06,1.0,18.61635226470437,0,0.08,0.0,0.0,1.0342417924835763,2.1270554201637683e-06,0.08,0.0
9,9,26,1.0343867962774238,1.864894166027682e-06,1.0,18.61896233299363,0,0.08,0.0,0.0,1.0343867962774238,1.864894166027682e-06,0.08,0.0
10,10,27,1.0344074019351144,1.7983726563161126e-06,1.0,18.61933323483206,0,0.08,0.0,0.0,1.0344074019351144,1.7983726563161126e-06,0.08,0.0
11,11,28,1.0342854309241147,1.8521672570204594e-06,1.0,18.617137756634065,0,0.08,0.0,0.0,1.0342854309241147,1.8521672570204594e-06,0.08,0.0
12,12,29,1.0341914083687505,1.8634824920078957e-06,1.0,18.615445350637508,0,0.08,0.0,0.0,1.0341914083687505,1.8634824920078957e-06,0.08,0.0
13,13,30,1.0343356627420583,2.0448760627227396e-06,1.0,18.61804192935705,0,0.08,0.0,0.0,1.0343356627420583,2.0448760627227396e-06,0.08,0.0
14,14,31,1.0345181408873774,1.579729118432598e-06,1.0,18.62132653597279,0,0.08,0.0,0.0,1.0345181408873774,1.579729118432598e-06,0.08,0.0
15,15,32,1.034565968348665,1.5031598563988485e-06,1.0,18.622187430275968,0,0.08,0.0,0.0,1.034565968348665,1.5031598563988485e-06,0.08,0.0
16,16,33,1.0344959507286415,1.364475998180179e-06,1.0,18.62092711311555,0,0.08,0.0,0.0,1.0344959507286415,1.364475998180179e-06,0.08,0.0
17,17,34,1.034629052052879,1.5425093752054568e-06,1.0,18.62332293695182,0,0.08,0.0,0.0,1.034629052052879,1.5425093752054568e-06,0.08,0.0
18,18,35,1.034628105886525,1.5456785030651156e-06,1.0,18.62330590595745,0,0.08,0.0,0.0,1.034628105886525,1.5456785030651156e-06,0.08,0.0
19,19,36,1.0346501281620395,1.5223433424369768e-06,1.0,18.623702306916712,0,0.08,0.0,0.0,1.0346501281620395,1.5223433424369768e-06,0.08,0.0
20,20,37,1.0346263782991871,1.4653240215128337e-06,1.0,18.623274809385368,0,0.08,0.0,0.0,1.0346263782991871,1.4653240215128337e-06,0.08,0.0
21,21,38,1.0346741827278265,1.3867992266490455e-06,1.0,18.624135289100877,0,0.08,0.0,0.0,1.0346741827278265,1.3867992266490455e-06,0.08,0.0
22,22,39,1.0345050219965126,1.535216476497974e-06,1.0,18.621090395937227,0,0.08,0.0,0.0,1.0345050219965126,1.535216476497974e-06,0.08,0.0
23,23,40,1.034535407134374,1.504533454801015e-06,1.0,18.621637328418732,0,0.08,0.0,0.0,1.034535407134374,1.504533454801015e-06,0.08,0.0
24,24,41,1.034411275643812,1.664413441160042e-06,1.0,18.619402961588616,0,0.08,0.0,0.0,1.034411275643812,1.664413441160042e-06,0.08,0.0
25,25,42,1.0342744484452138,1.2669641086378066e-06,1.0,18.616940072013847,0,0.08,0.0,0.0,1.0342744484452138,1.2669641086378066e-06,0.08,0.0
26,26,43,1.0342735941339192,1.2655858879137213e-06,1.0,18.616924694410546,0,0.08,0.0,0.0,1.0342735941339192,1.2655858879137213e-06,0.08,0.0
27,27,44,1.0341573568475164,1.3925781956112965e-06,1.0,18.614832423255294,0,0.08,0.0,0.0,1.0341573568475164,1.3925781956112965e-06,0.08,0.0
28,28,45,1.0341620251878139,1.3818477133072479e-06,1.0,18.614916453380648,0,0.08,0.0,0.0,1.0341620251878139,1.3818477133072479e-06,0.08,0.0
29,29,46,1.0342900581933703,1.3701738215251342e-06,1.0,18.617221047480665,0,0.08,0.0,0.0,1.0342900581933703,1.3701738215251342e-06,0.08,0.0
30,30,47,1.0343477376533778,1.3162159421678887e-06,1.0,18.6182592777608,0,0.08,0.0,0.0,1.0343477376533778,1.3162159421678887e-06,0.08,0.0
31,31,48,1.0342101773253356,1.1309077023126871e-06,1.0,18.61578319185604,0,0.08,0.0,0.0,1.0342101773253356,1.1309077023126871e-06,0.08,0.0
32,32,49,1.0342256574118596,1.153077685197297e-06,1.0,18.61606183341347,0,0.08,0.0,0.0,1.0342256574118596,1.153077685197297e-06,0.08,0.0
33,33,50,1.0342566476902337,1.1660804557904334e-06,1.0,18.616619658424206,0,0.08,0.0,0.0,1.0342566476902337,1.1660804557904334e-06,0.08,0.0
34,34,51,1.0342164813207608,1.1425358273647046e-06,1.0,18.615896663773693,0,0.08,0.0,0.0,1.0342164813207608,1.1425358273647046e-06,0.08,0.0
35,35,52,1.0340251898515023,9.180578126260249e-07,1.0,18.61245341732704,0,0.08,0.0,0.0,1.0340251898515023,9.180578126260249e-07,0.08,0.0
36,36,53,1.03410027705273,8.517399864134534e-07,1.0,18.61380498694914,0,0.08,0.0,0.0,1.03410027705273,8.517399864134534e-07,0.08,0.0
37,37,54,1.0340540706846444,8.688845630315368e-07,1.0,18.6129732723236,0,0.08,0.0,0.0,1.0340540706846444,8.688845630315368e-07,0.08,0.0
38,38,55,1.0339682432938953,7.244688810995491e-07,1.0,18.611428379290114,0,0.08,0.0,0.0,1.0339682432938953,7.244688810995491e-07,0.08,0.0
39,39,56,1.0339169277250777,7.393727933600914e-07,1.0,18.6105046990514,0,0.08,0.0,0.0,1.0339169277250777,7.393727933600914e-07,0.08,0.0
40,40,57,1.0339962114735228,6.419255902095066e-07,1.0,18.611931806523412,0,0.08,0.0,0.0,1.0339962114735228,6.419255902095066e-07,0.08,0.0
41,41,58,1.0339545955680203,6.470166858016888e-07,1.0,18.611182720224363,0,0.08,0.0,0.0,1.0339545955680203,6.470166858016888e-07,0.08,0.0
42,42,59,1.034121194280755,7.048787499969801e-07,1.0,18.614181497053593,0,0.08,0.0,0.0,1.034121194280755,7.048787499969801e-07,0.08,0.0
43,43,60,1.0340707189130514,7.035099308995956e-07,1.0,18.613272940434925,0,0.08,0.0,0.0,1.0340707189130514,7.035099308995956e-07,0.08,0.0
44,44,61,1.0340376036294376,6.557735583576333e-07,1.0,18.612676865329878,0,0.08,0.0,0.0,1.0340376036294376,6.557735583576333e-07,0.08,0.0
45,45,62,1.0341111334196353,5.396665320712779e-07,1.0,18.614000401553437,0,0.08,0.0,0.0,1.0341111334196353,5.396665320712779e-07,0.08,0.0
46,46,63,1.0341176088006743,5.266682541657953e-07,1.0,18.614116958412136,0,0.08,0.0,0.0,1.0341176088006743,5.266682541657953e-07,0.08,0.0
47,47,64,1.0340394598341693,4.405677334203421e-07,1.0,18.612710277015047,0,0.08,0.0,0.0,1.0340394598341693,4.405677334203421e-07,0.08,0.0
48,48,65,1.0340599117146836,4.612100249052454e-07,1.0,18.613078410864304,0,0.08,0.0,0.0,1.0340599117146836,4.612100249052454e-07,0.08,0.0
49,49,66,1.0340429584007045,4.778089373968787e-07,1.0,18.61277325121268,0,0.08,0.0,0.0,1.0340429584007045,4.778089373968787e-07,0.08,0.0
50,50,67,1.0339142291493189,4.942446181306188e-07,1.0,18.61045612468774,0,0.08,0.0,0.0,1.0339142291493189,4.942446181306188e-07,0.08,0.0
51,51,68,1.033974866166699,6.556650214836942e-07,1.0,18.611547591000583,0,0.08,0.0,0.0,1.033974866166699,6.556650214836942e-07,0.08,0.0
52,52,69,1.0339855418097494,6.617294872494556e-07,1.0,18.61173975257549,0,0.08,0.0,0.0,1.0339855418097494,6.617294872494556e-07,0.08,0.0
53,53,70,1.0341222449209349,7.061280329884172e-07,1.0,18.614200408576828,0,0.08,0.0,0.0,1.0341222449209349,7.061280329884172e-07,0.08,0.0
54,54,71,1.0340310197704392,8.157342907276297e-07,1.0,18.612558355867908,0,0.08,0.0,0.0,1.0340310197704392,8.157342907276297e-07,0.08,0.0
55,55,72,1.0341654178803188,9.735603902431067e-07,1.0,18.614977521845738,0,0.08,0.0,0.0,1.0341654178803188,9.735603902431067e-07,0.08,0.0
56,56,73,1.0342180944347639,1.011735927034747e-06,1.0,18.61592569982575,0,0.08,0.0,0.0,1.0342180944347639,1.011735927034747e-06,0.08,0.0
57,57,74,1.0341742461348713,1.1218195240549757e-06,1.0,18.615136430427683,0,0.08,0.0,0.0,1.0341742461348713,1.1218195240549757e-06,0.08,0.0
58,58,75,1.0067725051198062,0.012772167327086354,0.9444444444444444,18.12190509215651,0,0.08,0.0,-0.0003497358726550282,1.0067725051198062,0.012772167327086354,0.08,0.0
59,59,76,0.9737610613046547,0.029530762495869747,0.8888888888888888,17.527699103483783,0,0.08,0.0,-0.00036075278358822,0.9737610613046547,0.029530762495869747,0.08,0.0
60,60,77,0.9403015684481952,0.044417279683672865,0.8333333333333334,16.925428232067514,0,0.08,0.0,-0.00036109982355752164,0.9403015684481952,0.044417279683672865,0.08,0.0
61,61,78,0.9069806355231866,0.05707085469661793,0.7777777777777778,16.32565143941736,0,0.08,0.0,-0.00036111075554571913,0.9069806355231866,0.05707085469661793,0.08,0.0
62,62,79,0.8735969037382518,0.06750430387488969,0.7222222222222222,15.724744267288534,0,0.08,0.0,-0.0003611110999105661,0.8735969037382518,0.06750430387488969,0.08,0.0
63,63,80,0.8401856763277222,0.07576661466778373,0.6666666666666666,15.123342173899,0,0.08,0.0,-0.0003611111107582862,0.8401856763277222,0.07576661466778373,0.08,0.0
64,64,81,0.8069322400435008,0.0817303460641206,0.6111111111111112,14.524780320783016,0,0.08,0.0,-0.00036111111109999645,0.8069322400435008,0.0817303460641206,0.08,0.0
65,65,82,0.7736682409604783,0.08543929289175992,0.5555555555555556,13.926028337288608,0,0.08,0.0,-0.00036111111111076057,0.7736682409604783,0.08543929289175992,0.08,0.0
66,66,83,0.7401628753843454,0.08702915201070664,0.5,13.322931756918218,0,0.08,0.0,-0.00036111111111109966,0.7401628753843454,0.08702915201070664,0.08,0.0
67,67,84,0.7068491725783814,0.08635755054220477,0.4444444444444444,12.723285106410867,0,0.08,0.0,-0.00036111111111111034,0.7068491725783814,0.08635755054220477,0.08,0.0
68,68,85,0.6736278313623059,0.0834655916331946,0.3888888888888889,12.125300964521506,0,0.08,0.0,-0.00036111111111111034,0.6736278313623059,0.0834655916331946,0.08,0.0
69,69,86,0.6401476512569813,0.07826866703530608,0.3333333333333333,11.522657722625663,0,0.08,0.0,-0.00036111111111111034,0.6401476512569813,0.07826866703530608,0.08,0.0
70,70,87,0.606827912184658,0.07087202587463357,0.2777777777777778,10.922902419323844,0,0.08,0.0,-0.00036111111111111034,0.606827912184658,0.07087202587463357,0.08,0.0
71,71,88,0.6056633178582183,0.06989674882222532,0.2777777777777778,10.901939721447928,1,0.08555555555555555,13.0,-0.00036111111111111034,0.6056633178582183,0.06989674882222532,0.08555555555555555,0.2
72,72,89,0.6046578796565873,0.06905530700703259,0.2777777777777778,10.883841833818572,1,0.09111111111111111,13.0,-0.00036111111111111034,0.6046578796565873,0.06905530700703259,0.09111111111111111,0.2
73,73,90,0.6033984943634646,0.06799608260388344,0.2777777777777778,10.861172898542362,1,0.09666666666666666,13.0,-0.00036111111111111034,0.6033984943634646,0.06799608260388344,0.09666666666666666,0.2
74,74,91,0.6022224116611604,0.06700433203427808,0.2777777777777778,10.840003409900888,1,0.10222222222222223,13.0,-0.00036111111111111034,0.6022224116611604,0.06700433203427808,0.10222222222222223,0.2
75,75,92,0.6012396289443148,0.06617492200885619,0.2777777777777778,10.822313320997667,1,0.10777777777777778,13.0,-0.00036111111111111034,0.6012396289443148,0.06617492200885619,0.10777777777777778,0.2
76,76,93,0.6275557242201734,0.07476825443560449,0.3333333333333333,11.296003035963121,1,0.11333333333333334,12.0,-1.1375238456082136e-05,0.6275557242201734,0.07476825443560449,0.11333333333333334,0.2
77,77,94,0.6594585774149972,0.08006108019296151,0.3888888888888889,11.870254393469951,1,0.11888888888888889,11.0,-3.583275228902845e-07,0.6594585774149972,0.08006108019296151,0.11888888888888889,0.2
78,78,95,0.6917483612033065,0.08318961498062966,0.4444444444444444,12.451470501659518,1,0.12444444444444443,10.0,-1.1287553588674643e-08,0.6917483612033065,0.08318961498062966,0.12444444444444443,0.2
79,79,96,0.7240512078958347,0.08426880661120802,0.5,13.032921742125025,1,0.13,9.0,-3.555653911734168e-10,0.7240512078958347,0.08426880661120802,0.13,0.2
80,80,97,0.7562438550863935,0.08318430105069309,0.5555555555555556,13.612389391555082,1,0.13555555555555554,8.0,-1.1200544195825539e-11,0.7562438550863935,0.08318430105069309,0.13555555555555554,0.2
81,81,98,0.7884817031283912,0.07998130145730416,0.6111111111111112,14.19267065631104,1,0.1411111111111111,7.0,-3.528241484981773e-13,0.7884817031283912,0.07998130145730416,0.1411111111111111,0.2
82,82,99,0.8205649919345019,0.07477311718339145,0.6666666666666666,14.770169854821035,1,0.14666666666666667,6.0,-1.111389786785295e-14,0.8205649919345019,0.07477311718339145,0.14666666666666667,0.2
83,83,100,0.8527639794597239,0.06757989469953093,0.7222222222222222,15.34975163027503,1,0.1522222222222222,5.0,-3.4972025275692435e-16,0.8527639794597239,0.06757989469953093,0.1522222222222222,0.2
84,84,101,0.8850213886517001,0.05810046315582324,0.7777777777777778,15.930384995730602,1,0.15777777777777777,4.0,-1.0639637319324418e-17,0.8850213886517001,0.05810046315582324,0.15777777777777777,0.2
85,85,102,0.9172188359336455,0.046665190105265555,0.8333333333333334,16.50993904680562,1,0.16333333333333333,3.0,0.0,0.9172188359336455,0.046665190105265555,0.16333333333333333,0.2
86,86,103,0.9493085560595649,0.033207777803481886,0.8888888888888888,17.087554009072168,1,0.1688888888888889,2.0,0.0,0.9493085560595649,0.033207777803481886,0.1688888888888889,0.2
87,87,104,0.981565461837107,0.017598868859231037,0.9444444444444444,17.668178313067926,1,0.17444444444444443,1.0,0.0,0.981565461837107,0.017598868859231037,0.17444444444444443,0.2
88,88,105,1.0136917926992783,9.235352460433843e-07,1.0,18.24645226858701,0,0.18,0.0,0.0,1.0136917926992783,9.235352460433843e-07,0.18,0.0
89,89,106,1.0135659401621937,9.93414961567321e-07,1.0,18.244186922919486,0,0.18,0.0,0.0,1.0135659401621937,9.93414961567321e-07,0.18,0.0
90,90,107,1.013602516730814,1.088655459746056e-06,1.0,18.24484530115465,0,0.18,0.0,0.0,1.013602516730814,1.088655459746056e-06,0.18,0.0
91,91,108,1.0134678848628267,1.4981684829005302e-06,1.0,18.24242192753088,0,0.18,0.0,0.0,1.0134678848628267,1.4981684829005302e-06,0.18,0.0
92,92,109,1.0134155963619074,1.5037761801654184e-06,1.0,18.241480734514333,0,0.18,0.0,0.0,1.0134155963619074,1.5037761801654184e-06,0.18,0.0
93,93,110,1.013453261807222,1.6364134473973344e-06,1.0,18.242158712529996,0,0.18,0.0,0.0,1.013453261807222,1.6364134473973344e-06,0.18,0.0
94,94,111,1.0133803713972958,1.5721062347308373e-06,1.0,18.240846685151322,0,0.18,0.0,0.0,1.0133803713972958,1.5721062347308373e-06,0.18,0.0
95,95,112,1.0134078229966934,1.5961554135690958e-06,1.0,18.241340813940482,0,0.18,0.0,0.0,1.0134078229966934,1.5961554135690958e-06,0.18,0.0
96,96,113,1.013387063527094,1.5516513199108493e-06,1.0,18.240967143487694,0,0.18,0.0,0.0,1.013387063527094,1.5516513199108493e-06,0.18,0.0
97,97,114,1.0133480162625021,1.4258628916706044e-06,1.0,18.240264292725037,0,0.18,0.0,0.0,1.0133480162625021,1.4258628916706044e-06,0.18,0.0
98,98,115,1.0133456033767536,1.4274610150789045e-06,1.0,18.240220860781566,0,0.18,0.0,0.0,1.0133456033767536,1.4274610150789045e-06,0.18,0.0
99,99,116,1.0134236964585346,1.4499474659449766e-06,1.0,18.241626536253623,0,0.18,0.0,0.0,1.0134236964585346,1.4499474659449766e-06,0.18,0.0
100,100,117,1.0136485926380026,1.7172352440757773e-06,1.0,18.245674667484046,0,0.18,0.0,0.0,1.0136485926380026,1.7172352440757773e-06,0.18,0.0
101,101,118,1.0135216278542023,1.71010829977297e-06,1.0,18.24338930137564,0,0.18,0.0,0.0,1.0135216278542023,1.71010829977297e-06,0.18,0.0
102,102,119,1.0135955561267507,1.6187263521599483e-06,1.0,18.24472001028151,0,0.18,0.0,0.0,1.0135955561267507,1.6187263521599483e-06,0.18,0.0
103,103,120,1.0136212215516929,1.6156109834216204e-06,1.0,18.245181987930472,0,0.18,0.0,0.0,1.0136212215516929,1.6156109834216204e-06,0.18,0.0
104,104,121,1.013750725166395,1.5810521380312818e-06,1.0,18.24751305299511,0,0.18,0.0,0.0,1.013750725166395,1.5810521380312818e-06,0.18,0.0
105,105,122,1.013752638319879,1.5813120131609037e-06,1.0,18.24754748975782,0,0.18,0.0,0.0,1.013752638319879,1.5813120131609037e-06,0.18,0.0
106,106,123,1.0137050939929944,1.7028158476984208e-06,1.0,18.2466916918739,0,0.18,0.0,0.0,1.0137050939929944,1.7028158476984208e-06,0.18,0.0
107,107,124,1.0138382269551813,1.6083192448099247e-06,1.0,18.249088085193264,0,0.18,0.0,0.0,1.0138382269551813,1.6083192448099247e-06,0.18,0.0
108,108,125,1.0137648230109506,1.4977449695183188e-06,1.0,18.24776681419711,0,0.18,0.0,0.0,1.0137648230109506,1.4977449695183188e-06,0.18,0.0
109,109,126,1.0139704954783346,9.98390647545515e-07,1.0,18.251468918610023,0,0.18,0.0,0.0,1.0139704954783346,9.98390647545515e-07,0.18,0.0
110,110,127,1.0139276843180147,1.1197062507519131e-06,1.0,18.250698317724265,0,0.18,0.0,0.0,1.0139276843180147,1.1197062507519131e-06,0.18,0.0
111,111,128,1.0138578104467548,9.782068192322076e-07,1.0,18.249440588041587,0,0.18,0.0,0.0,1.0138578104467548,9.782068192322076e-07,0.18,0.0
112,112,129,1.0139166497975574,9.598783069599628e-07,1.0,18.250499696356034,0,0.18,0.0,0.0,1.0139166497975574,9.598783069599628e-07,0.18,0.0
113,113,130,1.0139202512793721,9.612695819062417e-07,1.0,18.250564523028697,0,0.18,0.0,0.0,1.0139202512793721,9.612695819062417e-07,0.18,0.0
114,114,131,1.0139054985211784,9.54280995813853e-07,1.0,18.25029897338121,0,0.18,0.0,0.0,1.0139054985211784,9.54280995813853e-07,0.18,0.0
115,115,132,1.0139658939143947,1.1034210101474196e-06,1.0,18.251386090459107,0,0.18,0.0,0.0,1.0139658939143947,1.1034210101474196e-06,0.18,0.0
116,116,133,1.0140801328741293,1.1032077845682144e-06,1.0,18.25344239173433,0,0.18,0.0,0.0,1.0140801328741293,1.1032077845682144e-06,0.18,0.0
117,117,134,1.0140861874878517,1.1056634281459679e-06,1.0,18.25355137478133,0,0.18,0.0,0.0,1.0140861874878517,1.1056634281459679e-06,0.18,0.0
118,118,135,1.0140549155292478,9.92930639970933e-07,1.0,18.252988479526458,0,0.18,0.0,0.0,1.0140549155292478,9.92930639970933e-07,0.18,0.0
119,119,136,1.01419872742762,8.888049054834074e-07,1.0,18.255577093697163,0,0.18,0.0,0.0,1.01419872742762,8.888049054834074e-07,0.18,0.0
120,120,137,1.0142780787296362,9.017646278179036e-07,1.0,18.257005417133453,0,0.18,0.0,0.0,1.0142780787296362,9.017646278179036e-07,0.18,0.0
121,121,138,1.014390448026611,1.0041883477182658e-06,1.0,18.259028064478997,0,0.18,0.0,0.0,1.014390448026611,1.0041883477182658e-06,0.18,0.0
122,122,139,1.014390190494117,1.0040207245940418e-06,1.0,18.259023428894107,0,0.18,0.0,0.0,1.014390190494117,1.0040207245940418e-06,0.18,0.0
123,123,140,1.0144050718899333,9.91315569167124e-07,1.0,18.2592912940188,0,0.18,0.0,0.0,1.0144050718899333,9.91315569167124e-07,0.18,0.0
124,124,141,1.0143778154011567,1.133789603942022e-06,1.0,18.25880067722082,0,0.18,0.0,0.0,1.0143778154011567,1.133789603942022e-06,0.18,0.0
125,125,142,1.0144023552150057,1.1556660901121398e-06,1.0,18.259242393870103,0,0.18,0.0,0.0,1.0144023552150057,1.1556660901121398e-06,0.18,0.0
126,126,143,1.0143674207349977,1.2119258710738796e-06,1.0,18.258613573229958,0,0.18,0.0,0.0,1.0143674207349977,1.2119258710738796e-06,0.18,0.0
127,127,144,1.0144086309016387,1.2521158333868183e-06,1.0,18.259355356229495,0,0.18,0.0,0.0,1.0144086309016387,1.2521158333868183e-06,0.18,0.0
128,128,145,1.0143006446724998,1.9388204132832535e-06,1.0,18.257411604104995,0,0.18,0.0,0.0,1.0143006446724998,1.9388204132832535e-06,0.18,0.0
129,129,146,1.0142718944725013,1.954265261173783e-06,1.0,18.256894100505026,0,0.18,0.0,0.0,1.0142718944725013,1.954265261173783e-06,0.18,0.0
130,130,147,1.0142256281931663,1.991659891742536e-06,1.0,18.256061307476994,0,0.18,0.0,0.0,1.0142256281931663,1.991659891742536e-06,0.18,0.0
131,131,148,1.0141821339486579,2.0309188641864486e-06,1.0,18.255278411075842,0,0.18,0.0,0.0,1.0141821339486579,2.0309188641864486e-06,0.18,0.0
132,132,149,1.0142172183715763,2.04025417338363e-06,1.0,18.25590993068837,0,0.18,0.0,0.0,1.0142172183715763,2.04025417338363e-06,0.18,0.0
